Job ID,Job URL,Job Title,Company Name,Status,Timestamp,WP ID
a83f73eb72ea3392,https://gd.linkedin.com/jobs/view/registered-behavior-technician-at-behavioral-framework-4407624068,Registered Behavior Technician,Behavioral Framework,posted,2026-07-07T00:23:01.198683,22
e22f880eb9cd9154,https://gd.linkedin.com/jobs/view/spanish-speaking-player-support-specialist-work-in-sofia-bulgaria-at-mercier-consultancy-md-4436948722,"Spanish Speaking Player Support Specialist - Work In Sofia, Bulgaria",Mercier Consultancy MD,posted,2026-07-07T20:33:01.605557,24
c8d63f164b7f9957,https://gd.linkedin.com/jobs/view/spanish-speaking-rent-a-car-consultant-work-in-sofia-bulgaria-at-mercier-consultancy-md-4436945728,"Spanish Speaking Rent-a-Car Consultant - Work In Sofia, Bulgaria",Mercier Consultancy MD,posted,2026-07-07T20:33:09.495776,26
b447e45564934b39,https://gd.linkedin.com/jobs/view/executive-housekeeper-4437852791,Executive Housekeeper,Radisson Grenada Beach Resort,posted,2026-07-07T20:33:16.295910,28
395506381847f789,https://gd.linkedin.com/jobs/view/customer-service-representative-at-azure-spice-isle-escapes-4438121147,Customer Service Representative,Azure Spice Isle Escapes,posted,2026-07-08T07:18:28.170713,40
824ba06c36985874,https://gd.linkedin.com/jobs/view/director-of-sales-marketing-4437870506,Director of Sales & Marketing,Radisson Grenada Beach Resort,posted,2026-07-08T07:18:37.120140,42
171c8ac346bc3836,https://gd.linkedin.com/jobs/view/service-delivery-technician-at-digicel-group-4435600742,Service Delivery Technician,,scraped,2026-07-09T11:27:54.896662,
a960e6f1971d3730,https://gd.linkedin.com/jobs/view/executive-assistant-manager-f-b-at-dc-global-talent-inc-4437570663,Executive Assistant Manager - F&B,DC Global Talent Inc.,posted,2026-07-09T18:31:23.550012,44
14f853d3dac790e4,https://gd.linkedin.com/jobs/view/executive-housekeeper-at-silversands-collection-grenada-4438804927,Executive Housekeeper,,scraped,2026-07-09T23:54:46.761816,
70a60fe1de0d65d8,https://gd.linkedin.com/jobs/view/director-of-marketing-at-silversands-collection-grenada-4438811677,Director of Marketing,,scraped,2026-07-09T23:54:57.844938,
1598e0f37b71e199,https://gd.linkedin.com/jobs/view/deputy-chief-executive-officer-deputy-ceo-at-thehivecareers-4437937736,Deputy Chief Executive Officer (Deputy CEO),TheHiveCareers,posted,2026-07-10T11:26:16.221449,46
9d5cc55b9273eabf,https://gd.linkedin.com/jobs/view/spanish-speaking-search-engine-customer-agent-work-in-athens-greece-at-mercier-consultancy-md-4438878440,"Spanish-Speaking Search Engine Customer Agent - Work In Athens, Greece",Mercier Consultancy MD,posted,2026-07-10T11:26:35.587471,48
f7d72fcb2b1a93ee,https://gd.linkedin.com/jobs/view/auxiliaire-de-vie-h-f-at-centre-services-4437987836,Auxiliaire de vie (H/F),,scraped,2026-07-10T18:14:46.443099,
5dfe465b34deebdd,https://gd.linkedin.com/jobs/view/aide-m%C3%A9nager-aide-m%C3%A9nag%C3%A8re-h-f-at-centre-services-4438303034,Aide ménager / aide ménagère (H/F),,scraped,2026-07-10T18:14:54.246802,
f4f1bdd3411bfeb2,https://gd.linkedin.com/jobs/view/payroll-assistant-temp-at-st-george-s-university-4438906059,Payroll Assistant - Temp,St. George's University,posted,2026-07-11T07:23:42.497521,50
fd726e0c51b7e1a8,https://gd.linkedin.com/jobs/view/money-laundering-reporting-officer-at-guardian-group-4440223397,Money Laundering Reporting Officer,,scraped,2026-07-15T18:04:50.446389,
357ec29b7c63b1ad,https://gd.linkedin.com/jobs/view/business-corporate-credit-solutions-manager-at-thehivecareers-4440755315,Business & Corporate Credit Solutions Manager,TheHiveCareers,posted,2026-07-16T21:47:19.200733,52
ca21bf7a1c18ee4f,https://gd.linkedin.com/jobs/view/warehouse-attendant-at-st-george-s-university-4441101192,Warehouse Attendant,St. George's University,posted,2026-07-16T21:47:31.460418,54
16c5bf3cca7fce08,https://gd.linkedin.com/jobs/view/shift-leader-at-smart-managed-solutions-4441103053,Shift Leader,,scraped,2026-07-16T21:47:36.040885,
74c5c5cd2e510a40,https://gd.linkedin.com/jobs/view/f-b-assistant-at-royalton-hotels-resorts-4442194511,F&B Assistant,Royalton Hotels &amp; Resorts,posted,2026-07-18T05:55:47.773134,56
12b083321bfc1b0b,https://gd.linkedin.com/jobs/view/educateur-sportif-coach-sportif-h-f-at-l-orange-bleue-brionne-4442515467,Educateur sportif / coach sportif H/F,,scraped,2026-07-19T11:41:41.003749,
4fc4a442466ef4c3,https://gd.linkedin.com/jobs/view/coach-sportif-en-alternance-h-f-at-l-orange-bleue-brionne-4442517376,Coach sportif en alternance  H/F,,scraped,2026-07-19T11:41:48.742743,
fc83cadd8c74a20f,https://gd.linkedin.com/jobs/view/handyman-technician-needed-at-fixtman-llc-4442745077,Handyman/Technician Needed,fixTman LLC,posted,2026-07-20T17:09:11.124887,58
e3ec24ce59b97f95,https://gd.linkedin.com/jobs/view/dynamics-365-sales-functional-consultant-at-live-d365-4442726789,Dynamics 365 Sales Functional Consultant,,scraped,2026-07-20T17:09:23.817177,
993f1feacf046dde,https://gd.linkedin.com/jobs/view/mystic-coach-at-lifttalk-com-4442727681,Mystic Coach,,scraped,2026-07-20T21:55:38.097976,
d96e83483231c408,https://gd.linkedin.com/jobs/view/relationship-coach-at-lifttalk-com-4442730635,Relationship Coach,,scraped,2026-07-20T21:55:44.414977,
641e5a771beb2ce3,https://gd.linkedin.com/jobs/view/hard-rock-hotel-income-auditor-at-lifestyle-group-4443336779,Hard Rock Hotel - Income Auditor,,scraped,2026-07-21T13:10:14.637034,
53c1155408d23f9f,https://gd.linkedin.com/jobs/view/technicien-informatique-data-center-f-h-at-worldline-4443355688,Technicien informatique Data center (F/H),,scraped,2026-07-21T13:10:36.786187,
c96ff7f121620f10,https://gd.linkedin.com/jobs/view/t%C3%A9cnico-de-soporte-de-campo-at-towa-agency-latam-4443543195,Técnico de soporte de campo,TOWA Agency Latam,posted,2026-07-21T23:18:43.484094,60
6a880d7b76cebae8,https://gd.linkedin.com/jobs/view/corporate-english-trainer-spanish-bilingual-at-gofluent-4442946540,Corporate English Trainer (Spanish Bilingual),,scraped,2026-07-22T09:20:56.076803,
0a269eb5a019f9f2,https://gd.linkedin.com/jobs/view/conference-program-specialist-at-messe-frankfurt-usa-pavilions-4443764035,Conference & Program Specialist,Messe Frankfurt USA Pavilions,posted,2026-07-22T09:21:18.817015,62
678508fe28694544,https://gd.linkedin.com/jobs/view/hvac-technician-apprentice-at-st-george-s-university-4443712751,HVAC Technician Apprentice,St. George's University,posted,2026-07-22T09:21:32.121716,64
3bac81dec6ca1189,https://gd.linkedin.com/jobs/view/administrative-and-events-coordinator-at-st-george-s-university-4443186932,Administrative and Events Coordinator,St. George's University,posted,2026-07-22T20:24:21.459956,66
02e9a3ad061cd6c5,https://gd.linkedin.com/jobs/view/conference-program-specialist-at-messe-frankfurt-usa-pavilions-4441083136,Conference & Program Specialist,Messe Frankfurt USA Pavilions,posted,2026-07-22T20:24:32.351469,62
719c04f59e2f3a9a,https://gd.linkedin.com/jobs/view/site-director-yacht-rigging-at-fkg-marine-4444208915,Site Director (Yacht Rigging),Fkg Marine,posted,2026-07-23T07:50:03.923365,68
8e7aae3db9778a9c,https://gd.linkedin.com/jobs/view/conference-staff-at-iowa-state-university-department-of-residence-4441517222,CONFERENCE STAFF,"Iowa State University, Department of Residence",posted,2026-07-23T13:14:40.320538,70
1d018ff767a6ed0e,https://gd.linkedin.com/jobs/view/el-n-restaurant-manager-at-lifestyle-group-4444412666,EL&N - Restaurant Manager,,scraped,2026-07-23T13:15:06.965121,
c0605343b5d1a56b,https://gd.linkedin.com/jobs/view/conference-program-specialist-at-messe-frankfurt-usa-pavilions-4441571061,Conference & Program Specialist,Messe Frankfurt USA Pavilions,failed|wp_post_failed,2026-07-23T23:17:58.201901,
0befbfb57ffcb7c5,https://gd.linkedin.com/jobs/view/el-n-restaurant-supervisor-at-lifestyle-group-4444403867,EL&N - Restaurant Supervisor,,scraped,2026-07-25T06:38:12.744715,
48884db38a8a101d,https://gd.linkedin.com/jobs/view/som-clinical-instructor-year-1-year-2-basic-sciences-at-st-george-s-university-4444015737,"SOM - Clinical Instructor, Year 1 & Year 2, Basic Sciences",St. George's University,posted,2026-07-25T11:52:33.816673,72
4eb6652286f55adc,https://gd.linkedin.com/jobs/view/conference-program-specialist-at-messe-frankfurt-usa-pavilions-4442301068,Conference & Program Specialist,Messe Frankfurt USA Pavilions,posted,2026-07-25T11:52:52.381472,62
92f9c54e6b29ddb8,https://gd.linkedin.com/jobs/view/conference-program-specialist-at-messe-frankfurt-usa-pavilions-4442827632,Conference & Program Specialist,Messe Frankfurt USA Pavilions,posted,2026-07-27T10:56:51.941026,62
a27d86542c059b1e,https://gd.linkedin.com/jobs/view/project-coordinator-at-st-george-s-university-4445129841,Project Coordinator,St. George's University,posted,2026-07-27T18:02:40.012930,74
eebfbf3cbbe2c77c,https://gd.linkedin.com/jobs/view/el-n-sous-chef-at-lifestyle-group-4444406709,EL&N - Sous Chef,,scraped,2026-07-27T18:02:52.665167,
f5f621f4273a987e,https://gd.linkedin.com/jobs/view/sas-academic-support-and-assessment-coordinator-at-st-george-s-university-4445179613,SAS - Academic Support and Assessment Coordinator,St. George's University,posted,2026-07-27T21:54:35.353760,76
b695ee35f356cf17,https://gd.linkedin.com/jobs/view/graduate-conference-travel-awards-at-fsu-winthrop-king-institute-4445464555,Graduate Conference Travel Awards,FSU Winthrop-King Institute,posted,2026-07-28T07:53:50.826727,78
39f6b6baaaaf7dc3,https://gd.linkedin.com/jobs/view/sas-academic-advisor-at-st-george-s-university-4445775540,SAS - Academic Advisor,St. George's University,posted,2026-07-28T20:40:31.105410,80
50f3695d7f0132ae,https://gd.linkedin.com/jobs/view/auxiliaire-de-vie-h-f-at-centre-services-4444112905,Auxiliaire de vie (H/F),,scraped,2026-07-29T16:02:52.484055,
e933f34276ab10f2,https://gd.linkedin.com/jobs/view/remote-freelance-face-deduplication-collection-at-telus-digital-ai-data-solutions-4447055378,Remote Freelance | Face Deduplication Collection,TELUS Digital AI Data Solutions,posted,2026-07-30T18:59:48.742382,82
b35fa43d75bb164a,https://gd.linkedin.com/jobs/view/conference-program-specialist-at-messe-frankfurt-usa-pavilions-4445823890,Conference & Program Specialist,Messe Frankfurt USA Pavilions,posted,2026-08-02T07:40:45.036904,62
c6ffd81caf68eec4,https://gd.linkedin.com/jobs/view/face-deduplication-collection-english-gd-at-telus-digital-4448818757,Face Deduplication Collection - English (GD),,scraped,2026-08-04T10:40:08.522768,
dfaedcd73fbbe501,https://gd.linkedin.com/jobs/view/face-deduplication-collection-wfh-at-telus-digital-ai-data-solutions-4448842574,Face Deduplication Collection (WFH),TELUS Digital AI Data Solutions,posted,2026-08-04T10:40:24.234605,84
e25a56c09cc55816,https://gd.linkedin.com/jobs/view/face-deduplication-collection-wfh-at-telus-digital-ai-data-solutions-4448837599,Face Deduplication Collection (WFH),TELUS Digital AI Data Solutions,scraped,2026-08-04T10:40:30.371023,
df0a0ae8d694f14c,https://gd.linkedin.com/jobs/view/conference-program-specialist-at-messe-frankfurt-usa-pavilions-4446673778,Conference & Program Specialist,Messe Frankfurt USA Pavilions,posted,2026-08-04T19:38:33.233472,62
91b6f7e95337cf0f,https://gd.linkedin.com/jobs/view/customer-service-representative-at-foodhub-4449042847,Customer Service Representative,Foodhub,posted,2026-08-04T21:13:18.711174,40
7b189897db4b57b7,https://gd.linkedin.com/jobs/view/coach-sportif-en-alternance-h-f-at-l-orange-bleue-brionne-4449054563,Coach sportif en alternance  H/F,,scraped,2026-08-04T21:13:21.306409,
00472981f14c9bb3,https://gd.linkedin.com/jobs/view/incumbent-to-serve-st-george-s-fatfield-at-joint-education-team-4447324015,Incumbent to serve St George's Fatfield,,scraped,2026-08-05T02:33:51.578834,
b07032c6842e162f,https://gd.linkedin.com/jobs/view/organizing-committee-at-iceit2024-4449434539,Organizing Committee,,scraped,2026-08-05T02:33:58.502622,
5e310a8a224110e7,https://gd.linkedin.com/jobs/view/customer-acquisition-specialist-cas-remote-at-thehivecareers-4448918586,Customer Acquisition Specialist (CAS)-Remote,TheHiveCareers,posted,2026-08-05T10:36:03.802736,86
cf87279ddaea073b,https://gd.linkedin.com/jobs/view/conference-program-specialist-at-messe-frankfurt-usa-pavilions-4447377571,Conference & Program Specialist,Messe Frankfurt USA Pavilions,posted,2026-08-05T10:36:10.587578,62
c66fe2685897faee,https://gd.linkedin.com/jobs/view/https-propertydealsthane-com-listing-horizon-pearls-at-property-deals-4449676221,https://propertydealsthane.com/listing/horizon-pearls/,Property Deals,posted,2026-08-05T17:38:53.261570,88
51b99b7c1b405a94,https://gd.linkedin.com/jobs/view/conference-staff-at-iowa-state-university-department-of-residence-4448077579,CONFERENCE STAFF,"Iowa State University, Department of Residence",posted,2026-08-06T02:36:26.308707,70
6f3447e9fa3f4c92,https://gd.linkedin.com/jobs/view/conference-program-specialist-at-messe-frankfurt-usa-pavilions-4448091188,Conference & Program Specialist,Messe Frankfurt USA Pavilions,posted,2026-08-06T10:40:16.503244,62
90ce4c5ef2e3e905,https://gd.linkedin.com/jobs/view/conference-program-specialist-at-messe-frankfurt-usa-pavilions-4448458079,Conference & Program Specialist,Messe Frankfurt USA Pavilions,posted,2026-08-06T23:03:25.919808,62
b9e7897949cedb0b,https://gd.linkedin.com/jobs/view/caricom-rapporteir-conference-services-at-organisation-of-eastern-caribbean-states-oecs-4450011869,CARICOM - Rapporteir Conference Services,,scraped,2026-08-07T04:26:44.216367,
85f925da49e56d54,https://gd.linkedin.com/jobs/view/conference-program-specialist-at-messe-frankfurt-usa-pavilions-4448740300,Conference & Program Specialist,Messe Frankfurt USA Pavilions,posted,2026-08-07T10:53:19.183505,62
b8418a54b5a023f7,https://gd.linkedin.com/jobs/view/conference-and-event-host-at-el-pomar-foundation-4448743780,Conference and Event Host,El Pomar Foundation,posted,2026-08-07T10:53:31.024222,90
5d349ff25656356a,https://gd.linkedin.com/jobs/view/conference-director-at-cambridge-innovation-institute-4448774069,CONFERENCE DIRECTOR,Cambridge Innovation Institute,posted,2026-08-07T10:53:43.873478,92
e986806975ccb2ff,https://gd.linkedin.com/jobs/view/alan-cladx-seo-ai-manipulation-expert-%E2%80%94-upcoming-2025%E2%80%932026-conference-schedule-at-philip-simpson-4451020483,Alan Cladx: SEO & AI Manipulation Expert — Upcoming 2025–2026 Conference Schedule,,scraped,2026-08-08T03:28:02.742797,
4bec7976ff91cb03,https://gd.linkedin.com/jobs/view/st-george%E2%80%99s-cares-at-quintessence-films-limited-4451088238,St George’s Cares,Quintessence Films Limited,posted,2026-08-08T16:34:48.473401,94
5919c412bd5eaa34,https://gd.linkedin.com/jobs/view/media-content-creator-at-hunt-remotely-4450996622,Media Content Creator,Hunt Remotely,posted,2026-08-10T05:35:58.297254,96
43f194c8bf06b09a,https://gd.linkedin.com/jobs/view/freelance-at-firstsource-4452394034,Freelance,,scraped,2026-08-12T11:01:37.477884,
c5b2168010b1b0bd,https://gd.linkedin.com/jobs/view/referral-specialist-at-lifebridge-health-4452934411,Referral Specialist,LifeBridge Health,posted,2026-08-13T14:58:47.404896,98
c89354d4f3f8cbe7,https://gd.linkedin.com/jobs/view/primary-care-physician-at-lifebridge-health-4452941088,Primary Care Physician,LifeBridge Health,posted,2026-08-13T14:59:02.335519,100
48923888ded987e3,https://gd.linkedin.com/jobs/view/nurse-practitioner-np-primary-care-at-lifebridge-health-4452936102,Nurse Practitioner (NP) - Primary Care,LifeBridge Health,posted,2026-08-13T14:59:15.219885,102
1d38e350f5219a00,https://gd.linkedin.com/jobs/view/director-of-engineering-at-silversands-collection-grenada-4454302930,Director of Engineering,,scraped,2026-08-13T22:42:42.250779,
58c84329702b9aab,https://gd.linkedin.com/jobs/view/clinical-student-administrator-at-st-george-s-university-4453722555,Clinical Student Administrator,St. George's University,posted,2026-08-14T20:31:58.852535,104
114a2a88dd0d761b,https://gd.linkedin.com/jobs/view/secretary-psychological-services-centre-at-st-george-s-university-4453718559,Secretary - Psychological Services Centre,St. George's University,posted,2026-08-14T20:32:09.016574,106
5867138d5a5a4fde,https://gd.linkedin.com/jobs/view/face-deduplication-collection-part-time-at-telus-digital-ai-data-solutions-4454281156,Face Deduplication Collection (Part-time),TELUS Digital AI Data Solutions,posted,2026-08-17T14:28:37.968817,108
7c142210c5e36304,https://gd.linkedin.com/jobs/view/executive-assistant-manager-f-b-at-dc-global-talent-inc-4454291007,Executive Assistant Manager - F&B,DC Global Talent Inc.,posted,2026-08-17T16:28:40.908460,110
0ad065cd0c9a22e9,https://gd.linkedin.com/jobs/view/ports-and-shipping-specialist-at-ntu-international-a-s-4455312325,Ports and Shipping Specialist,,scraped,2026-08-17T16:28:43.515986,
51dad73bbeb7999a,https://gd.linkedin.com/jobs/view/postdoctoral-researcher-investigating-suspension-platform-interferometers-for-the-einstein-telescope-at-max-planck-institute-for-gravitational-physics-albert-einstein-institute-4455704729,Postdoctoral researcher investigating suspension platform interferometers for the Einstein Telescope,,scraped,2026-08-18T12:47:13.750993,
4b3e6ad8e4cbae5c,https://gd.linkedin.com/jobs/view/direct-sales-agent-at-digicel-group-4453806787,Direct Sales Agent,,scraped,2026-08-20T02:57:45.268179,
92d4cfe5d92d7a62,https://gd.linkedin.com/jobs/view/railways-specialist-at-ntu-international-a-s-4456475871,Railways Specialist,,scraped,2026-08-20T08:39:14.226169,
9a10ac6216065b1b,https://gd.linkedin.com/jobs/view/group-sales-and-events-manager-at-silversands-collection-grenada-4456724127,Group Sales and Events Manager,,scraped,2026-08-20T12:50:31.088396,
bfb10c749969a7c3,https://gd.linkedin.com/jobs/view/executive-assistant-manager-food-and-beverage-at-silversands-collection-grenada-4456712173,Executive Assistant Manager - Food and Beverage,,scraped,2026-08-20T18:40:01.643837,
06a6e0ecf2a9a97b,https://gd.linkedin.com/jobs/view/svm-assistant-professor-small-animal-medicine-and-surgery-at-st-george-s-university-4456031677,"SVM - Assistant Professor, Small Animal Medicine and Surgery",St. George's University,posted,2026-08-20T22:28:23.686187,112
3fc2ab25aa9d41ed,https://gd.linkedin.com/jobs/view/aviation-specialist-at-ntu-international-a-s-4458212870,Aviation Specialist,,scraped,2026-08-24T16:38:37.018143,
3b5c5c7c70912b0d,https://gd.linkedin.com/jobs/view/agressive-sales-agent-tours-and-rentals-4458296243,agressive sales agent Tours and Rentals,Smithy's Garden Grenada and Caribbean Horizons Grenada,posted,2026-08-25T01:17:22.791824,114
98a4add8dcfc6b6c,https://gd.linkedin.com/jobs/view/el-n-kitchen-team-at-lifestyle-group-4459675834,EL&N - Kitchen Team,,scraped,2026-08-27T18:55:05.263573,
6719ec4f5b56edd0,https://gd.linkedin.com/jobs/view/f-b-server-el-n-at-lifestyle-group-4459672894,F&B Server - EL&N,,scraped,2026-08-27T18:55:15.028731,
8faba0f62134b9a7,https://gd.linkedin.com/jobs/view/som-medical-laboratory-technician-pathology-at-st-george-s-university-4458680267,"SOM - Medical Laboratory Technician, Pathology",St. George's University,posted,2026-08-28T04:05:01.289259,116
7c69a5872fa97b40,https://gd.linkedin.com/jobs/view/team-member-part-time-mid-week-availability-essential-at-lovisa-pty-ltd-4460356939,Team Member - Part Time - Mid Week Availability Essential,,scraped,2026-08-28T18:17:20.197275,
3803fda648995622,https://gd.linkedin.com/jobs/view/face-deduplication-collection-remote-at-telus-digital-ai-data-solutions-4462162548,Face Deduplication Collection - Remote,TELUS Digital AI Data Solutions,posted,2026-09-02T14:09:04.655152,118
75797153966d215b,https://gd.linkedin.com/jobs/view/customer-acquisition-specialist-cas-remote-at-thehivecareers-4460986748,Customer Acquisition Specialist (CAS)-Remote,TheHiveCareers,posted,2026-09-02T19:15:08.296369,86
4206d963c64c0f6b,https://gd.linkedin.com/jobs/view/business-corporate-credit-solutions-manager-at-thehivecareers-4460986753,Business & Corporate Credit Solutions Manager,TheHiveCareers,posted,2026-09-02T19:15:13.369020,52
06abe6cb61b39d29,https://gd.linkedin.com/jobs/view/deputy-chief-executive-officer-deputy-ceo-at-thehivecareers-4460990666,Deputy Chief Executive Officer (Deputy CEO),TheHiveCareers,posted,2026-09-02T19:15:26.578694,46
c000d908a3f88a26,https://gd.linkedin.com/jobs/view/driver-at-st-george-s-university-4461343154,Driver,St. George's University,posted,2026-09-02T22:25:15.758373,120
3687b7192a7be069,https://gd.linkedin.com/jobs/view/nu-learning-strategist-at-st-george-s-university-4461341358,NU - Learning Strategist,St. George's University,posted,2026-09-02T22:25:40.535499,122
09940d41ac39a870,https://gd.linkedin.com/jobs/view/urban-development-experts-at-ntu-international-a-s-4463332019,Urban Development Experts,,scraped,2026-09-04T14:02:57.275120,
cdbe87c8971f1edb,https://gd.linkedin.com/jobs/view/service-delivery-technician-at-digicel-group-4461405225,Service Delivery Technician,,scraped,2026-09-04T22:10:35.325392,
8d9d7c856f86a5dc,https://gd.linkedin.com/jobs/view/assistant-manager-houskeeping-at-st-george-s-university-4462303917,"Assistant Manager, Houskeeping",St. George's University,posted,2026-09-04T22:10:53.250556,124
